[{
    "id": 1,
    "name": "珠峰培训",
    "password": "ceb1d964351ed40b138c3fae",
    "sex": 0,
    "email": "1144709265@qq.com",
    "phone": "18310612838",
    "departmentId": 1,
    "jobId": 1,
    "desc": "珠峰培训最高管理员账户",
    "time": 1568640222269,
    "state": 0
}, {
    "id": 2,
    "name": "周啸天",
    "password": "ceb1d964351ed40b138c3fae",
    "sex": 0,
    "email": "zhouxiaotian@qq.com",
    "phone": "13041086186",
    "departmentId": 1,
    "jobId": 5,
    "desc": "",
    "time": 1568640222269,
    "state": 0
}, {
    "id": 3,
    "name": "程亚光",
    "password": "ceb1d964351ed40b138c3fae",
    "sex": "0",
    "email": "chengyanguang@126.com",
    "phone": "12356985478",
    "departmentId": "2",
    "jobId": "3",
    "desc": "我是程亚光，来自于星星的你",
    "time": 1568955194924,
    "state": 0
}, {
    "id": 4,
    "name": "王金光",
    "password": "ceb1d964351ed40b138c3fae",
    "sex": "1",
    "email": "wangjinguang@qq.com",
    "phone": "18569565656",
    "departmentId": "4",
    "jobId": "6",
    "desc": "我是一名出色的CV工程师",
    "time": 1568956399054,
    "state": 0
}, {
    "id": 5,
    "name": "园园",
    "password": "ceb1d964351ed40b138c3fae",
    "sex": "1",
    "email": "yuanyuan@qq.com",
    "phone": "11111111111",
    "departmentId": "1",
    "jobId": "1",
    "desc": "嗨喽~~",
    "time": 1568966285536,
    "state": 0,
    "userId": "null"
}]