[{"id":1,"name":"珠峰培训","password":"ceb1d964351ed40b138c3fae","sex":"1","email":"yuanyuan@qq.com","phone":"11111111111","departmentId":"1","jobId":"1","desc":"嗨喽~~","time":1568966285536,"state":0},{"id":2,"name":"周啸天","password":"8376ac810bb9f231d28fcf1f","sex":0,"email":"zhouxiaotian@qq.com","phone":"13041086186","departmentId":1,"jobId":5,"desc":"","time":1568640222269,"state":0},{"id":4,"name":"王金光","password":"ceb1d964351ed40b138c3fae","sex":"1","email":"wangjinguang@qq.com","phone":"18569565656","departmentId":"4","jobId":"6","desc":"我是一名出色的CV工程师","time":1568956399054,"state":0},{"id":5,"name":"园园","password":"ceb1d964351ed40b138c3fae","sex":"1","email":"yuanyuan@qq.com","phone":"11111111111","departmentId":"1","jobId":"1","desc":"嗨喽~~","time":1568966285536,"state":0,"userId":"null"},{"id":6,"name":"园园","password":"ceb1d964351ed40b138c3fae","sex":"1","email":"yuanyuan@qq.com","phone":"11111111111","departmentId":"1","jobId":"1","desc":"嗨喽~~","time":1568966285536,"state":0,"userId":"null"},{"id":7,"name":"园园","password":"ceb1d964351ed40b138c3fae","sex":"1","email":"yuanyuan@qq.com","phone":"11111111111","departmentId":"1","jobId":"1","desc":"嗨喽~~","time":1568966285536,"state":1,"userId":"null"}]