[{"id":2,"name":"周啸天","password":"8376ac810bb9f231d28fcf1f","sex":"0","email":"zhouxiaotian@qq.com","phone":"13041086186","departmentId":"1","jobId":"5","desc":"周老师","time":1568640222269,"state":0},{"id":6,"name":"园园","password":"ceb1d964351ed40b138c3fae","sex":"1","email":"yuanyuan@qq.com","phone":"11111111111","departmentId":"1","jobId":"1","desc":"嗨喽~~56789876543456876543","time":1568966285536,"state":0,"userId":"null"},{"id":7,"name":"admin","password":"8376ac810bb9f231d28fcf1f","sex":"0","email":"123456","phone":"2345678","departmentId":"1","jobId":"1","desc":"2345dfg","time":1572924604470,"state":0},{"id":8,"name":"珠峰培训","password":"8376ac810bb9f231d28fcf1f","sex":"0","email":"1227760869@qq.com","phone":"18233187958","departmentId":"1","jobId":"1","desc":"珠峰培训","time":1572924671924,"state":0},{"id":9,"name":"ewfertyuy","password":"8376ac810bb9f231d28fcf1f","sex":"0","email":"wertytre","phone":"wertytyre","departmentId":"2","jobId":"1","desc":"wertrewe","time":1572930003177,"state":0}]